model,variable,table,historical_years,ssp370_years,combined
TaiESM1,rlut,day,1850–2014,2015–2100,historical: 1850–2014; ssp370: 2015–2100
TaiESM1,zg_500,day,1850–2014,2015–2100,historical: 1850–2014; ssp370: 2015–2100
TaiESM1,zg_50,day,1850–2014,2015–2100,historical: 1850–2014; ssp370: 2015–2100
TaiESM1,ta_850,day,1850–2014,2015–2100,historical: 1850–2014; ssp370: 2015–2100
TaiESM1,ta_50,day,1850–2014,2015–2100,historical: 1850–2014; ssp370: 2015–2100
TaiESM1,ua_850,day,1850–2014,2015–2100,historical: 1850–2014; ssp370: 2015–2100
TaiESM1,ua_50,day,1850–2014,2015–2100,historical: 1850–2014; ssp370: 2015–2100
TaiESM1,va_850,day,1850–2014,2015–2100,historical: 1850–2014; ssp370: 2015–2100
TaiESM1,va_50,day,1850–2014,2015–2100,historical: 1850–2014; ssp370: 2015–2100
TaiESM1,hus_850,day,1850–2014,2015–2100,historical: 1850–2014; ssp370: 2015–2100
TaiESM1,psl,day,1850–2014,2015–2100,historical: 1850–2014; ssp370: 2015–2100
TaiESM1,tas,day,1850–2014,2015–2100,historical: 1850–2014; ssp370: 2015–2100
MPI-ESM1-2-HR,rlut,day,1850–2014,NONE,historical: 1850–2014
MPI-ESM1-2-HR,zg_500,EdayZ,"1850–1864, 1885–1889, 1900–1904, 1975–1984, 2000–2004, 2010–2014",NONE,"historical: 1850–1864, 1885–1889, 1900–1904, 1975–1984, 2000–2004, 2010–2014"
MPI-ESM1-2-HR,zg_50,EdayZ,"1850–1864, 1885–1889, 1900–1904, 1975–1984, 2000–2004, 2010–2014",NONE,"historical: 1850–1864, 1885–1889, 1900–1904, 1975–1984, 2000–2004, 2010–2014"
MPI-ESM1-2-HR,ta_850,Eday,"1985–1999, 2005–2009",NONE,"historical: 1985–1999, 2005–2009"
MPI-ESM1-2-HR,ta_50,Eday,"1985–1999, 2005–2009",NONE,"historical: 1985–1999, 2005–2009"
MPI-ESM1-2-HR,ua_850,day,"1910–1914, 1950–1954, 1980–1984",NONE,"historical: 1910–1914, 1950–1954, 1980–1984"
MPI-ESM1-2-HR,ua_50,day,"1910–1914, 1950–1954, 1980–1984",NONE,"historical: 1910–1914, 1950–1954, 1980–1984"
MPI-ESM1-2-HR,va_850,EdayZ,"1865–1869, 1890–1894, 1920–1924, 1980–1984, 2010–2014",NONE,"historical: 1865–1869, 1890–1894, 1920–1924, 1980–1984, 2010–2014"
MPI-ESM1-2-HR,va_50,EdayZ,"1865–1869, 1890–1894, 1920–1924, 1980–1984, 2010–2014",NONE,"historical: 1865–1869, 1890–1894, 1920–1924, 1980–1984, 2010–2014"
MPI-ESM1-2-HR,hus_850,EdayZ,1850–2014,NONE,historical: 1850–2014
MPI-ESM1-2-HR,psl,day,1850–2014,NONE,historical: 1850–2014
MPI-ESM1-2-HR,tas,day,"1865–1869, 1945–1959, 1980–1984, 2005–2009",NONE,"historical: 1865–1869, 1945–1959, 1980–1984, 2005–2009"
